[
	{
		"model": "main.director",
		"pk": "0",
		"fields": {
			"Director_name": "Claudia Llosa"
		}
	},
	{
		"model": "main.director",
		"pk": "1",
		"fields": {
			"Director_name": "Tommy Wirkola"
		}
	},
	{
		"model": "main.director",
		"pk": "2",
		"fields": {
			"Director_name": "Halle Berry"
		}
	},
	{
		"model": "main.director",
		"pk": "3",
		"fields": {
			"Director_name": "Mark Greenstreet"
		}
	},
	{
		"model": "main.director",
		"pk": "4",
		"fields": {
			"Director_name": "Jim Cummings"
		}
	},
	{
		"model": "main.director",
		"pk": "5",
		"fields": {
			"Director_name": "Piotr Domalewski"
		}
	},
	{
		"model": "main.director",
		"pk": "6",
		"fields": {
			"Director_name": "Mike Burns"
		}
	},
	{
		"model": "main.director",
		"pk": "7",
		"fields": {
			"Director_name": "Luke Sparke"
		}
	},
	{
		"model": "main.director",
		"pk": "8",
		"fields": {
			"Director_name": "Justin Corsbie"
		}
	},
	{
		"model": "main.director",
		"pk": "9",
		"fields": {
			"Director_name": "Carlson Young"
		}
	},
	{
		"model": "main.director",
		"pk": "10",
		"fields": {
			"Director_name": "Kyle Rankin"
		}
	},
	{
		"model": "main.director",
		"pk": "11",
		"fields": {
			"Director_name": "Steven Grayhm"
		}
	},
	{
		"model": "main.director",
		"pk": "12",
		"fields": {
			"Director_name": "Erin Elders"
		}
	},
	{
		"model": "main.director",
		"pk": "13",
		"fields": {
			"Director_name": "Seung-wan Ryoo"
		}
	},
	{
		"model": "main.director",
		"pk": "14",
		"fields": {
			"Director_name": "Reinaldo Marcus Green"
		}
	},
	{
		"model": "main.director",
		"pk": "15",
		"fields": {
			"Director_name": "Michael Cristofer"
		}
	},
	{
		"model": "main.director",
		"pk": "16",
		"fields": {
			"Director_name": "Craig Brewer"
		}
	},
	{
		"model": "main.director",
		"pk": "17",
		"fields": {
			"Director_name": "Renny Harlin"
		}
	},
	{
		"model": "main.director",
		"pk": "18",
		"fields": {
			"Director_name": "Remi Weekes"
		}
	},
	{
		"model": "main.director",
		"pk": "19",
		"fields": {
			"Director_name": "Gillies MacKinnon"
		}
	},
	{
		"model": "main.director",
		"pk": "20",
		"fields": {
			"Director_name": "Roberto De Feo"
		}
	},
	{
		"model": "main.director",
		"pk": "21",
		"fields": {
			"Director_name": "Braden R. Duemmler"
		}
	},
	{
		"model": "main.director",
		"pk": "22",
		"fields": {
			"Director_name": "Peter Chelsom"
		}
	},
	{
		"model": "main.director",
		"pk": "23",
		"fields": {
			"Director_name": "Roseanne Liang"
		}
	},
	{
		"model": "main.director",
		"pk": "24",
		"fields": {
			"Director_name": "Charlie Kaufman"
		}
	},
	{
		"model": "main.director",
		"pk": "25",
		"fields": {
			"Director_name": "Prano Bailey-Bond"
		}
	},
	{
		"model": "main.director",
		"pk": "26",
		"fields": {
			"Director_name": "David Fincher"
		}
	},
	{
		"model": "main.director",
		"pk": "27",
		"fields": {
			"Director_name": "Tate Taylor"
		}
	},
	{
		"model": "main.director",
		"pk": "28",
		"fields": {
			"Director_name": "Lina Roessler"
		}
	},
	{
		"model": "main.director",
		"pk": "29",
		"fields": {
			"Director_name": "Taichi Ishidate"
		}
	},
	{
		"model": "main.director",
		"pk": "30",
		"fields": {
			"Director_name": "Marlin Darrah"
		}
	},
	{
		"model": "main.director",
		"pk": "31",
		"fields": {
			"Director_name": "Stephen Durham"
		}
	},
	{
		"model": "main.director",
		"pk": "32",
		"fields": {
			"Director_name": "Sang-ho Yeon"
		}
	},
	{
		"model": "main.director",
		"pk": "33",
		"fields": {
			"Director_name": "Benny Chan"
		}
	},
	{
		"model": "main.director",
		"pk": "34",
		"fields": {
			"Director_name": "John Patrick Shanley"
		}
	},
	{
		"model": "main.director",
		"pk": "35",
		"fields": {
			"Director_name": "Rebecca Hall"
		}
	},
	{
		"model": "main.director",
		"pk": "36",
		"fields": {
			"Director_name": "Adam Mason"
		}
	},
	{
		"model": "main.director",
		"pk": "37",
		"fields": {
			"Director_name": "Mark Williams"
		}
	},
	{
		"model": "main.director",
		"pk": "38",
		"fields": {
			"Director_name": "Henry Joost"
		}
	},
	{
		"model": "main.director",
		"pk": "39",
		"fields": {
			"Director_name": "Joe Penna"
		}
	},
	{
		"model": "main.director",
		"pk": "40",
		"fields": {
			"Director_name": "Kornél Mundruczó"
		}
	},
	{
		"model": "main.director",
		"pk": "41",
		"fields": {
			"Director_name": "Joanna Hogg"
		}
	},
	{
		"model": "main.director",
		"pk": "42",
		"fields": {
			"Director_name": "Nancy Meyers"
		}
	},
	{
		"model": "main.director",
		"pk": "43",
		"fields": {
			"Director_name": "Gerard Bush"
		}
	},
	{
		"model": "main.director",
		"pk": "44",
		"fields": {
			"Director_name": "Will Gluck"
		}
	},
	{
		"model": "main.director",
		"pk": "45",
		"fields": {
			"Director_name": "Il Cho"
		}
	},
	{
		"model": "main.director",
		"pk": "46",
		"fields": {
			"Director_name": "Zoe Lister-Jones"
		}
	},
	{
		"model": "main.director",
		"pk": "47",
		"fields": {
			"Director_name": "Nicholas Jarecki"
		}
	},
	{
		"model": "main.director",
		"pk": "48",
		"fields": {
			"Director_name": "Ben Wheatley"
		}
	},
	{
		"model": "main.director",
		"pk": "49",
		"fields": {
			"Director_name": "Fisher Stevens"
		}
	},
	{
		"model": "main.director",
		"pk": "50",
		"fields": {
			"Director_name": "Nicolas Pesce"
		}
	},
	{
		"model": "main.director",
		"pk": "51",
		"fields": {
			"Director_name": "Jeff Wadlow"
		}
	},
	{
		"model": "main.director",
		"pk": "52",
		"fields": {
			"Director_name": "Chung-Hyun Lee"
		}
	},
	{
		"model": "main.director",
		"pk": "53",
		"fields": {
			"Director_name": "Andrew Levitas"
		}
	},
	{
		"model": "main.director",
		"pk": "54",
		"fields": {
			"Director_name": "Chase Palmer"
		}
	},
	{
		"model": "main.director",
		"pk": "55",
		"fields": {
			"Director_name": "Dan Scanlon"
		}
	},
	{
		"model": "main.director",
		"pk": "56",
		"fields": {
			"Director_name": "Mark Raso"
		}
	},
	{
		"model": "main.director",
		"pk": "57",
		"fields": {
			"Director_name": "John Suits"
		}
	},
	{
		"model": "main.director",
		"pk": "58",
		"fields": {
			"Director_name": "Jon Keeyes"
		}
	},
	{
		"model": "main.director",
		"pk": "59",
		"fields": {
			"Director_name": "Walt Dohrn"
		}
	},
	{
		"model": "main.director",
		"pk": "60",
		"fields": {
			"Director_name": "Jim Cummings"
		}
	},
	{
		"model": "main.director",
		"pk": "61",
		"fields": {
			"Director_name": "Ty Roberts"
		}
	},
	{
		"model": "main.director",
		"pk": "62",
		"fields": {
			"Director_name": "John Whitesell"
		}
	},
	{
		"model": "main.director",
		"pk": "63",
		"fields": {
			"Director_name": "Ben Falcone"
		}
	},
	{
		"model": "main.director",
		"pk": "64",
		"fields": {
			"Director_name": "Francis Lee"
		}
	},
	{
		"model": "main.director",
		"pk": "65",
		"fields": {
			"Director_name": "Andy Goddard"
		}
	},
	{
		"model": "main.director",
		"pk": "66",
		"fields": {
			"Director_name": "Aaron Schoenke"
		}
	},
	{
		"model": "main.director",
		"pk": "67",
		"fields": {
			"Director_name": "Evan Morgan"
		}
	},
	{
		"model": "main.director",
		"pk": "68",
		"fields": {
			"Director_name": "Danis Goulet"
		}
	},
	{
		"model": "main.director",
		"pk": "69",
		"fields": {
			"Director_name": "Stephen Karam"
		}
	},
	{
		"model": "main.director",
		"pk": "70",
		"fields": {
			"Director_name": "Robert Rodriguez"
		}
	},
	{
		"model": "main.director",
		"pk": "71",
		"fields": {
			"Director_name": "Viggo Mortensen"
		}
	},
	{
		"model": "main.director",
		"pk": "72",
		"fields": {
			"Director_name": "Sung-hee Jo"
		}
	},
	{
		"model": "main.director",
		"pk": "73",
		"fields": {
			"Director_name": "Mamoru Hosoda"
		}
	},
	{
		"model": "main.director",
		"pk": "74",
		"fields": {
			"Director_name": "John Hyams"
		}
	},
	{
		"model": "main.director",
		"pk": "75",
		"fields": {
			"Director_name": "Eva Husson"
		}
	},
	{
		"model": "main.director",
		"pk": "76",
		"fields": {
			"Director_name": "George Clooney"
		}
	},
	{
		"model": "main.director",
		"pk": "77",
		"fields": {
			"Director_name": "Bryan Bertino"
		}
	},
	{
		"model": "main.director",
		"pk": "78",
		"fields": {
			"Director_name": "Paul Weitz"
		}
	},
	{
		"model": "main.director",
		"pk": "79",
		"fields": {
			"Director_name": "Francis Annan"
		}
	},
	{
		"model": "main.director",
		"pk": "80",
		"fields": {
			"Director_name": "Mona Fastvold"
		}
	},
	{
		"model": "main.director",
		"pk": "81",
		"fields": {
			"Director_name": "Emma Seligman"
		}
	},
	{
		"model": "main.director",
		"pk": "82",
		"fields": {
			"Director_name": "Jon Stewart"
		}
	},
	{
		"model": "main.director",
		"pk": "83",
		"fields": {
			"Director_name": "David Koepp"
		}
	},
	{
		"model": "main.director",
		"pk": "84",
		"fields": {
			"Director_name": "George Gallo"
		}
	},
	{
		"model": "main.director",
		"pk": "85",
		"fields": {
			"Director_name": "Maïmouna Doucouré"
		}
	},
	{
		"model": "main.director",
		"pk": "86",
		"fields": {
			"Director_name": "Brett Haley"
		}
	},
	{
		"model": "main.director",
		"pk": "87",
		"fields": {
			"Director_name": "Josh Trank"
		}
	},
	{
		"model": "main.director",
		"pk": "88",
		"fields": {
			"Director_name": "Taylor Chien"
		}
	},
	{
		"model": "main.director",
		"pk": "89",
		"fields": {
			"Director_name": "Mark Goodman"
		}
	},
	{
		"model": "main.director",
		"pk": "90",
		"fields": {
			"Director_name": "Rajesh Bhatia"
		}
	},
	{
		"model": "main.director",
		"pk": "91",
		"fields": {
			"Director_name": "Coke Daniels"
		}
	},
	{
		"model": "main.director",
		"pk": "92",
		"fields": {
			"Director_name": "Corinna Faith"
		}
	},
	{
		"model": "main.director",
		"pk": "93",
		"fields": {
			"Director_name": "Jason Woliner"
		}
	},
	{
		"model": "main.director",
		"pk": "94",
		"fields": {
			"Director_name": "Chris Appelhans"
		}
	},
	{
		"model": "main.director",
		"pk": "95",
		"fields": {
			"Director_name": "Christopher Alender"
		}
	},
	{
		"model": "main.director",
		"pk": "96",
		"fields": {
			"Director_name": "Bruno Dumont"
		}
	},
	{
		"model": "main.director",
		"pk": "97",
		"fields": {
			"Director_name": "Chris Sanders"
		}
	},
	{
		"model": "main.director",
		"pk": "98",
		"fields": {
			"Director_name": "Jacob Chase"
		}
	},
	{
		"model": "main.director",
		"pk": "99",
		"fields": {
			"Director_name": "Ben Falcone"
		}
	},
	{
		"model": "main.director",
		"pk": "100",
		"fields": {
			"Director_name": "Saman Kesh"
		}
	},
	{
		"model": "main.director",
		"pk": "101",
		"fields": {
			"Director_name": "Tim Hill"
		}
	},
	{
		"model": "main.director",
		"pk": "102",
		"fields": {
			"Director_name": "Gavin O'Connor"
		}
	},
	{
		"model": "main.director",
		"pk": "103",
		"fields": {
			"Director_name": "William Brent Bell"
		}
	},
	{
		"model": "main.director",
		"pk": "104",
		"fields": {
			"Director_name": "Philippe Falardeau"
		}
	},
	{
		"model": "main.director",
		"pk": "105",
		"fields": {
			"Director_name": "Justin Kurzel"
		}
	},
	{
		"model": "main.director",
		"pk": "106",
		"fields": {
			"Director_name": "Brandon Trost"
		}
	},
	{
		"model": "main.director",
		"pk": "107",
		"fields": {
			"Director_name": "Stephen Daldry"
		}
	},
	{
		"model": "main.director",
		"pk": "108",
		"fields": {
			"Director_name": "Chad Hartigan"
		}
	},
	{
		"model": "main.director",
		"pk": "109",
		"fields": {
			"Director_name": "Clea DuVall"
		}
	},
	{
		"model": "main.director",
		"pk": "110",
		"fields": {
			"Director_name": "Sabrina Doyle"
		}
	},
	{
		"model": "main.director",
		"pk": "111",
		"fields": {
			"Director_name": "Michael Haussman"
		}
	},
	{
		"model": "main.director",
		"pk": "112",
		"fields": {
			"Director_name": "Deon Taylor"
		}
	},
	{
		"model": "main.director",
		"pk": "113",
		"fields": {
			"Director_name": "Oz Perkins"
		}
	},
	{
		"model": "main.director",
		"pk": "114",
		"fields": {
			"Director_name": "Natalie Erika James"
		}
	},
	{
		"model": "main.director",
		"pk": "115",
		"fields": {
			"Director_name": "Peter Berg"
		}
	},
	{
		"model": "main.director",
		"pk": "116",
		"fields": {
			"Director_name": "Shawn Linden"
		}
	},
	{
		"model": "main.director",
		"pk": "117",
		"fields": {
			"Director_name": "Roxy Shih"
		}
	},
	{
		"model": "main.director",
		"pk": "118",
		"fields": {
			"Director_name": "Paolo Sorrentino"
		}
	},
	{
		"model": "main.director",
		"pk": "119",
		"fields": {
			"Director_name": "Tony Cervone"
		}
	},
	{
		"model": "main.director",
		"pk": "120",
		"fields": {
			"Director_name": "Vince Marcello"
		}
	},
	{
		"model": "main.director",
		"pk": "121",
		"fields": {
			"Director_name": "Camille Griffin"
		}
	},
	{
		"model": "main.director",
		"pk": "122",
		"fields": {
			"Director_name": "Simon Barrett"
		}
	},
	{
		"model": "main.director",
		"pk": "123",
		"fields": {
			"Director_name": "Craig Gillespie"
		}
	},
	{
		"model": "main.director",
		"pk": "124",
		"fields": {
			"Director_name": "Mike Cahill"
		}
	},
	{
		"model": "main.director",
		"pk": "125",
		"fields": {
			"Director_name": "Sam Levinson"
		}
	},
	{
		"model": "main.director",
		"pk": "126",
		"fields": {
			"Director_name": "Richard Claus"
		}
	},
	{
		"model": "main.director",
		"pk": "127",
		"fields": {
			"Director_name": "Miguel Arteta"
		}
	},
	{
		"model": "main.director",
		"pk": "128",
		"fields": {
			"Director_name": "Ron Howard"
		}
	},
	{
		"model": "main.director",
		"pk": "129",
		"fields": {
			"Director_name": "Sekhar Kammula"
		}
	},
	{
		"model": "main.director",
		"pk": "130",
		"fields": {
			"Director_name": "Mark Polonia"
		}
	},
	{
		"model": "main.director",
		"pk": "131",
		"fields": {
			"Director_name": "Elaine Bogan"
		}
	},
	{
		"model": "main.director",
		"pk": "132",
		"fields": {
			"Director_name": "Robin Pront"
		}
	},
	{
		"model": "main.director",
		"pk": "133",
		"fields": {
			"Director_name": "John Lee"
		}
	},
	{
		"model": "main.director",
		"pk": "134",
		"fields": {
			"Director_name": "Danila Kozlovskiy"
		}
	},
	{
		"model": "main.director",
		"pk": "135",
		"fields": {
			"Director_name": "Rodrigo García"
		}
	},
	{
		"model": "main.director",
		"pk": "136",
		"fields": {
			"Director_name": "Abel Ferrara"
		}
	},
	{
		"model": "main.director",
		"pk": "137",
		"fields": {
			"Director_name": "Gaspar Noé"
		}
	},
	{
		"model": "main.director",
		"pk": "138",
		"fields": {
			"Director_name": "Brian Duffield"
		}
	},
	{
		"model": "main.director",
		"pk": "139",
		"fields": {
			"Director_name": "Collin Schiffli"
		}
	},
	{
		"model": "main.director",
		"pk": "140",
		"fields": {
			"Director_name": "Kimmy Gatewood"
		}
	},
	{
		"model": "main.director",
		"pk": "141",
		"fields": {
			"Director_name": "Mauricio Eça"
		}
	},
	{
		"model": "main.director",
		"pk": "142",
		"fields": {
			"Director_name": "Peeter Rebane"
		}
	},
	{
		"model": "main.director",
		"pk": "143",
		"fields": {
			"Director_name": "Elisa Amoruso"
		}
	},
	{
		"model": "main.director",
		"pk": "144",
		"fields": {
			"Director_name": "Austin Stark"
		}
	},
	{
		"model": "main.director",
		"pk": "145",
		"fields": {
			"Director_name": "Anna Elizabeth James"
		}
	},
	{
		"model": "main.director",
		"pk": "146",
		"fields": {
			"Director_name": "Nick Stagliano"
		}
	},
	{
		"model": "main.director",
		"pk": "147",
		"fields": {
			"Director_name": "Tiller Russell"
		}
	},
	{
		"model": "main.director",
		"pk": "148",
		"fields": {
			"Director_name": "Reed Morano"
		}
	},
	{
		"model": "main.director",
		"pk": "149",
		"fields": {
			"Director_name": "Dave Franco"
		}
	},
	{
		"model": "main.director",
		"pk": "150",
		"fields": {
			"Director_name": "Zu Quirke"
		}
	},
	{
		"model": "main.director",
		"pk": "151",
		"fields": {
			"Director_name": "Justin G. Dyck"
		}
	},
	{
		"model": "main.director",
		"pk": "152",
		"fields": {
			"Director_name": "Christian Long"
		}
	},
	{
		"model": "main.director",
		"pk": "153",
		"fields": {
			"Director_name": "Gabriele Mainetti"
		}
	},
	{
		"model": "main.director",
		"pk": "154",
		"fields": {
			"Director_name": "Miranda July"
		}
	},
	{
		"model": "main.director",
		"pk": "155",
		"fields": {
			"Director_name": "Daniel Graham"
		}
	},
	{
		"model": "main.director",
		"pk": "156",
		"fields": {
			"Director_name": "Greg Barker"
		}
	},
	{
		"model": "main.director",
		"pk": "157",
		"fields": {
			"Director_name": "Ivan Kavanagh"
		}
	},
	{
		"model": "main.director",
		"pk": "158",
		"fields": {
			"Director_name": "Amy Poehler"
		}
	},
	{
		"model": "main.director",
		"pk": "159",
		"fields": {
			"Director_name": "Azazel Jacobs"
		}
	},
	{
		"model": "main.director",
		"pk": "160",
		"fields": {
			"Director_name": "Rachel Carey"
		}
	},
	{
		"model": "main.director",
		"pk": "161",
		"fields": {
			"Director_name": "Edward Hall"
		}
	},
	{
		"model": "main.director",
		"pk": "162",
		"fields": {
			"Director_name": "David Ayer"
		}
	},
	{
		"model": "main.director",
		"pk": "163",
		"fields": {
			"Director_name": "Keishi Ohtomo"
		}
	},
	{
		"model": "main.director",
		"pk": "164",
		"fields": {
			"Director_name": "Benjamin Feuer"
		}
	},
	{
		"model": "main.director",
		"pk": "165",
		"fields": {
			"Director_name": "Tyler Spindel"
		}
	},
	{
		"model": "main.director",
		"pk": "166",
		"fields": {
			"Director_name": "Steven Kostanski"
		}
	},
	{
		"model": "main.director",
		"pk": "167",
		"fields": {
			"Director_name": "Lawrence Michael Levine"
		}
	},
	{
		"model": "main.director",
		"pk": "168",
		"fields": {
			"Director_name": "Billy Crystal"
		}
	},
	{
		"model": "main.director",
		"pk": "169",
		"fields": {
			"Director_name": "Mark Tonderai"
		}
	},
	{
		"model": "main.director",
		"pk": "170",
		"fields": {
			"Director_name": "Michael Feifer"
		}
	},
	{
		"model": "main.director",
		"pk": "171",
		"fields": {
			"Director_name": "Ramin Bahrani"
		}
	},
	{
		"model": "main.director",
		"pk": "172",
		"fields": {
			"Director_name": "Vadim Perelman"
		}
	},
	{
		"model": "main.director",
		"pk": "173",
		"fields": {
			"Director_name": "April Mullen"
		}
	},
	{
		"model": "main.director",
		"pk": "174",
		"fields": {
			"Director_name": "Jaco Bouwer"
		}
	},
	{
		"model": "main.director",
		"pk": "175",
		"fields": {
			"Director_name": "Christopher MacBride"
		}
	},
	{
		"model": "main.director",
		"pk": "176",
		"fields": {
			"Director_name": "Steve Franks"
		}
	},
	{
		"model": "main.director",
		"pk": "177",
		"fields": {
			"Director_name": "Tomm Moore"
		}
	},
	{
		"model": "main.director",
		"pk": "178",
		"fields": {
			"Director_name": "Mikael Håfström"
		}
	},
	{
		"model": "main.director",
		"pk": "179",
		"fields": {
			"Director_name": "Paul Ziller"
		}
	},
	{
		"model": "main.director",
		"pk": "180",
		"fields": {
			"Director_name": "Haruo Sotozaki"
		}
	},
	{
		"model": "main.director",
		"pk": "181",
		"fields": {
			"Director_name": "Bartosz M. Kowalski"
		}
	},
	{
		"model": "main.director",
		"pk": "182",
		"fields": {
			"Director_name": "Justine Bateman"
		}
	},
	{
		"model": "main.director",
		"pk": "183",
		"fields": {
			"Director_name": "Jonathan Milott"
		}
	},
	{
		"model": "main.director",
		"pk": "184",
		"fields": {
			"Director_name": "Dante Aubain"
		}
	},
	{
		"model": "main.director",
		"pk": "185",
		"fields": {
			"Director_name": "Ian Samuels"
		}
	},
	{
		"model": "main.director",
		"pk": "186",
		"fields": {
			"Director_name": "Céline Sciamma"
		}
	},
	{
		"model": "main.director",
		"pk": "187",
		"fields": {
			"Director_name": "Phil Tippett"
		}
	},
	{
		"model": "main.director",
		"pk": "188",
		"fields": {
			"Director_name": "Adrian Bol"
		}
	},
	{
		"model": "main.director",
		"pk": "189",
		"fields": {
			"Director_name": "Egor Abramenko"
		}
	},
	{
		"model": "main.director",
		"pk": "190",
		"fields": {
			"Director_name": "Jonathan Jakubowicz"
		}
	},
	{
		"model": "main.director",
		"pk": "191",
		"fields": {
			"Director_name": "Alexandre Bustillo"
		}
	},
	{
		"model": "main.director",
		"pk": "192",
		"fields": {
			"Director_name": "Robin Wright"
		}
	},
	{
		"model": "main.director",
		"pk": "193",
		"fields": {
			"Director_name": "Regina King"
		}
	},
	{
		"model": "main.director",
		"pk": "194",
		"fields": {
			"Director_name": "Philip Barantini"
		}
	},
	{
		"model": "main.director",
		"pk": "195",
		"fields": {
			"Director_name": "Megan Park"
		}
	},
	{
		"model": "main.director",
		"pk": "196",
		"fields": {
			"Director_name": "David Oyelowo"
		}
	},
	{
		"model": "main.director",
		"pk": "197",
		"fields": {
			"Director_name": "Antoneta Alamat Kusijanovic"
		}
	},
	{
		"model": "main.director",
		"pk": "198",
		"fields": {
			"Director_name": "Euros Lyn"
		}
	},
	{
		"model": "main.director",
		"pk": "199",
		"fields": {
			"Director_name": "Mitja Okorn"
		}
	},
	{
		"model": "main.director",
		"pk": "200",
		"fields": {
			"Director_name": "Arseny Syuhin"
		}
	},
	{
		"model": "main.director",
		"pk": "201",
		"fields": {
			"Director_name": "Eshom Nelms"
		}
	},
	{
		"model": "main.director",
		"pk": "202",
		"fields": {
			"Director_name": "Vaughn Stein"
		}
	},
	{
		"model": "main.director",
		"pk": "203",
		"fields": {
			"Director_name": "Dimitri Logothetis"
		}
	},
	{
		"model": "main.director",
		"pk": "204",
		"fields": {
			"Director_name": "Jacques Audiard"
		}
	},
	{
		"model": "main.director",
		"pk": "205",
		"fields": {
			"Director_name": "Lee Thongkham"
		}
	},
	{
		"model": "main.director",
		"pk": "206",
		"fields": {
			"Director_name": "Janjot Singh"
		}
	},
	{
		"model": "main.director",
		"pk": "207",
		"fields": {
			"Director_name": "Vinil Mathew"
		}
	},
	{
		"model": "main.director",
		"pk": "208",
		"fields": {
			"Director_name": "Brian Baugh"
		}
	},
	{
		"model": "main.director",
		"pk": "209",
		"fields": {
			"Director_name": "Rachel Talalay"
		}
	},
	{
		"model": "main.director",
		"pk": "210",
		"fields": {
			"Director_name": "Bradley Parker"
		}
	},
	{
		"model": "main.director",
		"pk": "211",
		"fields": {
			"Director_name": "M.J. Bassett"
		}
	},
	{
		"model": "main.director",
		"pk": "212",
		"fields": {
			"Director_name": "Martin Wilson"
		}
	},
	{
		"model": "main.director",
		"pk": "213",
		"fields": {
			"Director_name": "Doug Liman"
		}
	},
	{
		"model": "main.director",
		"pk": "214",
		"fields": {
			"Director_name": "Thor Freudenthal"
		}
	},
	{
		"model": "main.director",
		"pk": "215",
		"fields": {
			"Director_name": "Wyatt Rockefeller"
		}
	},
	{
		"model": "main.director",
		"pk": "216",
		"fields": {
			"Director_name": "Sean Durkin"
		}
	},
	{
		"model": "main.director",
		"pk": "217",
		"fields": {
			"Director_name": "Sean Penn"
		}
	},
	{
		"model": "main.director",
		"pk": "218",
		"fields": {
			"Director_name": "Glendyn Ivin"
		}
	},
	{
		"model": "main.director",
		"pk": "219",
		"fields": {
			"Director_name": "Eric Bress"
		}
	},
	{
		"model": "main.director",
		"pk": "220",
		"fields": {
			"Director_name": "Jagdeep Sidhu"
		}
	},
	{
		"model": "main.director",
		"pk": "221",
		"fields": {
			"Director_name": "Audrey Diwan"
		}
	},
	{
		"model": "main.director",
		"pk": "222",
		"fields": {
			"Director_name": "Justin Lee"
		}
	},
	{
		"model": "main.director",
		"pk": "223",
		"fields": {
			"Director_name": "Deon Taylor"
		}
	},
	{
		"model": "main.director",
		"pk": "224",
		"fields": {
			"Director_name": "Uberto Pasolini"
		}
	},
	{
		"model": "main.director",
		"pk": "225",
		"fields": {
			"Director_name": "S.J. Chiro"
		}
	},
	{
		"model": "main.director",
		"pk": "226",
		"fields": {
			"Director_name": "Eliza Hittman"
		}
	},
	{
		"model": "main.director",
		"pk": "227",
		"fields": {
			"Director_name": "Brandon Christensen"
		}
	},
	{
		"model": "main.director",
		"pk": "228",
		"fields": {
			"Director_name": "Andreas Fontana"
		}
	},
	{
		"model": "main.director",
		"pk": "229",
		"fields": {
			"Director_name": "Sofia Coppola"
		}
	},
	{
		"model": "main.director",
		"pk": "230",
		"fields": {
			"Director_name": "Justin Baldoni"
		}
	},
	{
		"model": "main.director",
		"pk": "231",
		"fields": {
			"Director_name": "Ildikó Enyedi"
		}
	},
	{
		"model": "main.director",
		"pk": "232",
		"fields": {
			"Director_name": "Daniel Monzón"
		}
	},
	{
		"model": "main.director",
		"pk": "233",
		"fields": {
			"Director_name": "Steven Soderbergh"
		}
	},
	{
		"model": "main.director",
		"pk": "234",
		"fields": {
			"Director_name": "James Sweet"
		}
	},
	{
		"model": "main.director",
		"pk": "235",
		"fields": {
			"Director_name": "Scott Jeffrey"
		}
	},
	{
		"model": "main.director",
		"pk": "236",
		"fields": {
			"Director_name": "Seth Larney"
		}
	},
	{
		"model": "main.director",
		"pk": "237",
		"fields": {
			"Director_name": "Kitao Sakurai"
		}
	},
	{
		"model": "main.director",
		"pk": "238",
		"fields": {
			"Director_name": "Jason Axinn"
		}
	},
	{
		"model": "main.director",
		"pk": "239",
		"fields": {
			"Director_name": "Christopher Ashley"
		}
	},
	{
		"model": "main.director",
		"pk": "240",
		"fields": {
			"Director_name": "Vicente Amorim"
		}
	},
	{
		"model": "main.director",
		"pk": "241",
		"fields": {
			"Director_name": "Mahiro Maeda"
		}
	},
	{
		"model": "main.director",
		"pk": "242",
		"fields": {
			"Director_name": "Kenneth Branagh"
		}
	},
	{
		"model": "main.director",
		"pk": "243",
		"fields": {
			"Director_name": "Rob Savage"
		}
	},
	{
		"model": "main.director",
		"pk": "244",
		"fields": {
			"Director_name": "Danishka Esterhazy"
		}
	},
	{
		"model": "main.director",
		"pk": "245",
		"fields": {
			"Director_name": "Yann Gozlan"
		}
	},
	{
		"model": "main.director",
		"pk": "246",
		"fields": {
			"Director_name": "David Charhon"
		}
	},
	{
		"model": "main.director",
		"pk": "247",
		"fields": {
			"Director_name": "Kaouther Ben Hania"
		}
	},
	{
		"model": "main.director",
		"pk": "248",
		"fields": {
			"Director_name": "Michael Lockshin"
		}
	},
	{
		"model": "main.director",
		"pk": "249",
		"fields": {
			"Director_name": "Jimmy Giannopoulos"
		}
	},
	{
		"model": "main.director",
		"pk": "250",
		"fields": {
			"Director_name": "Woody Allen"
		}
	},
	{
		"model": "main.director",
		"pk": "251",
		"fields": {
			"Director_name": "Bruno Garotti"
		}
	},
	{
		"model": "main.director",
		"pk": "252",
		"fields": {
			"Director_name": "Mark Toia"
		}
	},
	{
		"model": "main.director",
		"pk": "253",
		"fields": {
			"Director_name": "Mikey Alfred"
		}
	},
	{
		"model": "main.director",
		"pk": "254",
		"fields": {
			"Director_name": "John Michael McDonagh"
		}
	},
	{
		"model": "main.director",
		"pk": "255",
		"fields": {
			"Director_name": "Brannon Braga"
		}
	},
	{
		"model": "main.director",
		"pk": "256",
		"fields": {
			"Director_name": "Martin Owen"
		}
	},
	{
		"model": "main.director",
		"pk": "257",
		"fields": {
			"Director_name": "Keishi Ohtomo"
		}
	},
	{
		"model": "main.director",
		"pk": "258",
		"fields": {
			"Director_name": "William Olsson"
		}
	},
	{
		"model": "main.director",
		"pk": "259",
		"fields": {
			"Director_name": "George C. Wolfe"
		}
	},
	{
		"model": "main.director",
		"pk": "260",
		"fields": {
			"Director_name": "Scott Teems"
		}
	},
	{
		"model": "main.director",
		"pk": "261",
		"fields": {
			"Director_name": "Jude Weng"
		}
	},
	{
		"model": "main.director",
		"pk": "262",
		"fields": {
			"Director_name": "Elle Callahan"
		}
	},
	{
		"model": "main.director",
		"pk": "263",
		"fields": {
			"Director_name": "Philippa Lowthorpe"
		}
	},
	{
		"model": "main.director",
		"pk": "264",
		"fields": {
			"Director_name": "Ethan Spaulding"
		}
	},
	{
		"model": "main.director",
		"pk": "265",
		"fields": {
			"Director_name": "Steven K. Tsuchida"
		}
	},
	{
		"model": "main.director",
		"pk": "266",
		"fields": {
			"Director_name": "Asghar Farhadi"
		}
	},
	{
		"model": "main.director",
		"pk": "267",
		"fields": {
			"Director_name": "Michael Morrissey"
		}
	},
	{
		"model": "main.director",
		"pk": "268",
		"fields": {
			"Director_name": "David Charbonier"
		}
	},
	{
		"model": "main.director",
		"pk": "269",
		"fields": {
			"Director_name": "Marco Pontecorvo"
		}
	},
	{
		"model": "main.director",
		"pk": "270",
		"fields": {
			"Director_name": "Justin Simien"
		}
	},
	{
		"model": "main.director",
		"pk": "271",
		"fields": {
			"Director_name": "Ryan Kruger"
		}
	},
	{
		"model": "main.director",
		"pk": "272",
		"fields": {
			"Director_name": "Tim Hill"
		}
	},
	{
		"model": "main.director",
		"pk": "273",
		"fields": {
			"Director_name": "Juho Kuosmanen"
		}
	},
	{
		"model": "main.director",
		"pk": "274",
		"fields": {
			"Director_name": "Zoe Lister-Jones"
		}
	},
	{
		"model": "main.director",
		"pk": "275",
		"fields": {
			"Director_name": "Josephine Decker"
		}
	},
	{
		"model": "main.director",
		"pk": "276",
		"fields": {
			"Director_name": "Spike Lee"
		}
	},
	{
		"model": "main.director",
		"pk": "277",
		"fields": {
			"Director_name": "Eskil Vogt"
		}
	},
	{
		"model": "main.director",
		"pk": "278",
		"fields": {
			"Director_name": "Jasmila Zbanic"
		}
	},
	{
		"model": "main.director",
		"pk": "279",
		"fields": {
			"Director_name": "Danis Tanovic"
		}
	},
	{
		"model": "main.director",
		"pk": "280",
		"fields": {
			"Director_name": "Anthony Scott Burns"
		}
	},
	{
		"model": "main.director",
		"pk": "281",
		"fields": {
			"Director_name": "Michael Lembeck"
		}
	},
	{
		"model": "main.director",
		"pk": "282",
		"fields": {
			"Director_name": "Matt Thompson"
		}
	},
	{
		"model": "main.director",
		"pk": "283",
		"fields": {
			"Director_name": "Yelena Popovic"
		}
	},
	{
		"model": "main.director",
		"pk": "284",
		"fields": {
			"Director_name": "Andrew Traucki"
		}
	},
	{
		"model": "main.director",
		"pk": "285",
		"fields": {
			"Director_name": "Robert Machoian"
		}
	},
	{
		"model": "main.director",
		"pk": "286",
		"fields": {
			"Director_name": "Fred Gerber"
		}
	},
	{
		"model": "main.director",
		"pk": "287",
		"fields": {
			"Director_name": "Gia Coppola"
		}
	},
	{
		"model": "main.director",
		"pk": "288",
		"fields": {
			"Director_name": "Alister Grierson"
		}
	},
	{
		"model": "main.director",
		"pk": "289",
		"fields": {
			"Director_name": "Nikole Beckwith"
		}
	},
	{
		"model": "main.director",
		"pk": "290",
		"fields": {
			"Director_name": "Silvio Nacucchi"
		}
	},
	{
		"model": "main.director",
		"pk": "291",
		"fields": {
			"Director_name": "Pascual Sisto"
		}
	},
	{
		"model": "main.director",
		"pk": "292",
		"fields": {
			"Director_name": "Liam O'Donnell"
		}
	},
	{
		"model": "main.director",
		"pk": "293",
		"fields": {
			"Director_name": "Sebastian Meise"
		}
	},
	{
		"model": "main.director",
		"pk": "294",
		"fields": {
			"Director_name": "Eugene Kotlyarenko"
		}
	},
	{
		"model": "main.director",
		"pk": "295",
		"fields": {
			"Director_name": "Patrick Rea"
		}
	},
	{
		"model": "main.director",
		"pk": "296",
		"fields": {
			"Director_name": "Peter Segal"
		}
	},
	{
		"model": "main.director",
		"pk": "297",
		"fields": {
			"Director_name": "Joshua Wesely"
		}
	},
	{
		"model": "main.director",
		"pk": "298",
		"fields": {
			"Director_name": "Julius Berg"
		}
	},
	{
		"model": "main.director",
		"pk": "299",
		"fields": {
			"Director_name": "Lee Yong-ju"
		}
	},
	{
		"model": "main.director",
		"pk": "300",
		"fields": {
			"Director_name": "Daniel Farrands"
		}
	},
	{
		"model": "main.director",
		"pk": "301",
		"fields": {
			"Director_name": "Darren Lynn Bousman"
		}
	},
	{
		"model": "main.director",
		"pk": "302",
		"fields": {
			"Director_name": "D'Arcy Drollinger"
		}
	},
	{
		"model": "main.director",
		"pk": "303",
		"fields": {
			"Director_name": "Liz Garbus"
		}
	},
	{
		"model": "main.director",
		"pk": "304",
		"fields": {
			"Director_name": "Andy Tennant"
		}
	},
	{
		"model": "main.director",
		"pk": "305",
		"fields": {
			"Director_name": "Lance Hool"
		}
	},
	{
		"model": "main.director",
		"pk": "306",
		"fields": {
			"Director_name": "Dusty Mancinelli"
		}
	},
	{
		"model": "main.director",
		"pk": "307",
		"fields": {
			"Director_name": "Julio Quintana"
		}
	},
	{
		"model": "main.director",
		"pk": "308",
		"fields": {
			"Director_name": "Jim Taihuttu"
		}
	},
	{
		"model": "main.director",
		"pk": "309",
		"fields": {
			"Director_name": "Bill Benz"
		}
	},
	{
		"model": "main.director",
		"pk": "310",
		"fields": {
			"Director_name": "Adriana Trigiani"
		}
	},
	{
		"model": "main.director",
		"pk": "311",
		"fields": {
			"Director_name": "Lee Daniels"
		}
	},
	{
		"model": "main.director",
		"pk": "312",
		"fields": {
			"Director_name": "Alan Ball"
		}
	},
	{
		"model": "main.director",
		"pk": "313",
		"fields": {
			"Director_name": "Will Wernick"
		}
	},
	{
		"model": "main.director",
		"pk": "314",
		"fields": {
			"Director_name": "André Øvredal"
		}
	},
	{
		"model": "main.director",
		"pk": "315",
		"fields": {
			"Director_name": "Barry Alexander Brown"
		}
	},
	{
		"model": "main.director",
		"pk": "316",
		"fields": {
			"Director_name": "Yoon Sunghyun"
		}
	},
	{
		"model": "main.director",
		"pk": "317",
		"fields": {
			"Director_name": "Brian DeCubellis"
		}
	},
	{
		"model": "main.director",
		"pk": "318",
		"fields": {
			"Director_name": "Michael Pearce"
		}
	},
	{
		"model": "main.director",
		"pk": "319",
		"fields": {
			"Director_name": "Michele Civetta"
		}
	},
	{
		"model": "main.director",
		"pk": "320",
		"fields": {
			"Director_name": "Aneil Karia"
		}
	},
	{
		"model": "main.director",
		"pk": "321",
		"fields": {
			"Director_name": "John Swab"
		}
	},
	{
		"model": "main.director",
		"pk": "322",
		"fields": {
			"Director_name": "Damian Mc Carthy"
		}
	},
	{
		"model": "main.director",
		"pk": "323",
		"fields": {
			"Director_name": "Glen Keane"
		}
	},
	{
		"model": "main.director",
		"pk": "324",
		"fields": {
			"Director_name": "Quoc Bao Tran"
		}
	},
	{
		"model": "main.director",
		"pk": "325",
		"fields": {
			"Director_name": "Ryan Murphy"
		}
	},
	{
		"model": "main.director",
		"pk": "326",
		"fields": {
			"Director_name": "Justin G. Dyck"
		}
	},
	{
		"model": "main.director",
		"pk": "327",
		"fields": {
			"Director_name": "Kim Tae-hyung"
		}
	},
	{
		"model": "main.director",
		"pk": "328",
		"fields": {
			"Director_name": "Michel Franco"
		}
	},
	{
		"model": "main.director",
		"pk": "329",
		"fields": {
			"Director_name": "Mikael Marcimain"
		}
	},
	{
		"model": "main.director",
		"pk": "330",
		"fields": {
			"Director_name": "Darryl Anka"
		}
	},
	{
		"model": "main.director",
		"pk": "331",
		"fields": {
			"Director_name": "Edson Oda"
		}
	},
	{
		"model": "main.director",
		"pk": "332",
		"fields": {
			"Director_name": "Chris Riedell"
		}
	},
	{
		"model": "main.director",
		"pk": "333",
		"fields": {
			"Director_name": "Todd Stephens"
		}
	},
	{
		"model": "main.director",
		"pk": "334",
		"fields": {
			"Director_name": "Ángel Gómez Hernández"
		}
	},
	{
		"model": "main.director",
		"pk": "335",
		"fields": {
			"Director_name": "Fernando León de Aranoa"
		}
	},
	{
		"model": "main.director",
		"pk": "336",
		"fields": {
			"Director_name": "Johane Matte"
		}
	},
	{
		"model": "main.director",
		"pk": "337",
		"fields": {
			"Director_name": "Cody Calahan"
		}
	},
	{
		"model": "main.director",
		"pk": "338",
		"fields": {
			"Director_name": "Emmanuel Osei-Kuffour"
		}
	},
	{
		"model": "main.director",
		"pk": "339",
		"fields": {
			"Director_name": "Giorgio Serafini"
		}
	},
	{
		"model": "main.director",
		"pk": "340",
		"fields": {
			"Director_name": "Sylvie Verheyde"
		}
	},
	{
		"model": "main.director",
		"pk": "341",
		"fields": {
			"Director_name": "Dee Rees"
		}
	},
	{
		"model": "main.director",
		"pk": "342",
		"fields": {
			"Director_name": "Michael Polish"
		}
	},
	{
		"model": "main.director",
		"pk": "343",
		"fields": {
			"Director_name": "Tomer Eshed"
		}
	},
	{
		"model": "main.director",
		"pk": "344",
		"fields": {
			"Director_name": "Barry Levinson"
		}
	},
	{
		"model": "main.director",
		"pk": "345",
		"fields": {
			"Director_name": "Nisha Ganatra"
		}
	},
	{
		"model": "main.director",
		"pk": "346",
		"fields": {
			"Director_name": "Park Hoon-jung"
		}
	},
	{
		"model": "main.director",
		"pk": "347",
		"fields": {
			"Director_name": "Travis Stevens"
		}
	},
	{
		"model": "main.director",
		"pk": "348",
		"fields": {
			"Director_name": "James D'Arcy"
		}
	},
	{
		"model": "main.director",
		"pk": "349",
		"fields": {
			"Director_name": "Josh Lawson"
		}
	},
	{
		"model": "main.director",
		"pk": "350",
		"fields": {
			"Director_name": "Brad Turner"
		}
	},
	{
		"model": "main.director",
		"pk": "351",
		"fields": {
			"Director_name": "Hicham Hajji"
		}
	},
	{
		"model": "main.director",
		"pk": "352",
		"fields": {
			"Director_name": "Oleg Trofim"
		}
	},
	{
		"model": "main.director",
		"pk": "353",
		"fields": {
			"Director_name": "Jared Cohn"
		}
	},
	{
		"model": "main.director",
		"pk": "354",
		"fields": {
			"Director_name": "Satram Ramani"
		}
	},
	{
		"model": "main.director",
		"pk": "355",
		"fields": {
			"Director_name": "Frederik Louis Hviid"
		}
	},
	{
		"model": "main.director",
		"pk": "356",
		"fields": {
			"Director_name": "Justin P. Lange"
		}
	},
	{
		"model": "main.director",
		"pk": "357",
		"fields": {
			"Director_name": "Chris Baugh"
		}
	},
	{
		"model": "main.director",
		"pk": "358",
		"fields": {
			"Director_name": "Guy Moshe"
		}
	},
	{
		"model": "main.director",
		"pk": "359",
		"fields": {
			"Director_name": "Joe DeBoer"
		}
	},
	{
		"model": "main.director",
		"pk": "360",
		"fields": {
			"Director_name": "Jeff Baena"
		}
	},
	{
		"model": "main.director",
		"pk": "361",
		"fields": {
			"Director_name": "Barnaby Thompson"
		}
	},
	{
		"model": "main.director",
		"pk": "362",
		"fields": {
			"Director_name": "Tyler Russell"
		}
	},
	{
		"model": "main.director",
		"pk": "363",
		"fields": {
			"Director_name": "Martin Zandvliet"
		}
	},
	{
		"model": "main.director",
		"pk": "364",
		"fields": {
			"Director_name": "József Gallai"
		}
	},
	{
		"model": "main.director",
		"pk": "365",
		"fields": {
			"Director_name": "Stefano Mordini"
		}
	},
	{
		"model": "main.director",
		"pk": "366",
		"fields": {
			"Director_name": "Vince Marcello"
		}
	},
	{
		"model": "main.director",
		"pk": "367",
		"fields": {
			"Director_name": "Sia"
		}
	},
	{
		"model": "main.director",
		"pk": "368",
		"fields": {
			"Director_name": "Samuel Gonzalez Jr."
		}
	},
	{
		"model": "main.director",
		"pk": "369",
		"fields": {
			"Director_name": "Scott B. Hansen"
		}
	},
	{
		"model": "main.director",
		"pk": "370",
		"fields": {
			"Director_name": "Ryûsuke Hamaguchi"
		}
	},
	{
		"model": "main.director",
		"pk": "371",
		"fields": {
			"Director_name": "York Alec Shackleton"
		}
	},
	{
		"model": "main.director",
		"pk": "372",
		"fields": {
			"Director_name": "Rachel Lee Goldenberg"
		}
	},
	{
		"model": "main.director",
		"pk": "373",
		"fields": {
			"Director_name": "Alice Wu"
		}
	},
	{
		"model": "main.director",
		"pk": "374",
		"fields": {
			"Director_name": "Tate Taylor"
		}
	},
	{
		"model": "main.director",
		"pk": "375",
		"fields": {
			"Director_name": "Kellen Moore"
		}
	},
	{
		"model": "main.director",
		"pk": "376",
		"fields": {
			"Director_name": "Jamie Babbit"
		}
	},
	{
		"model": "main.director",
		"pk": "377",
		"fields": {
			"Director_name": "Michael Fimognari"
		}
	},
	{
		"model": "main.director",
		"pk": "378",
		"fields": {
			"Director_name": "Ana Lily Amirpour"
		}
	},
	{
		"model": "main.director",
		"pk": "379",
		"fields": {
			"Director_name": "Marc Munden"
		}
	},
	{
		"model": "main.director",
		"pk": "380",
		"fields": {
			"Director_name": "Stanley Tong"
		}
	},
	{
		"model": "main.director",
		"pk": "381",
		"fields": {
			"Director_name": "Miguel Alexandre"
		}
	},
	{
		"model": "main.director",
		"pk": "382",
		"fields": {
			"Director_name": "Johnny Martin"
		}
	},
	{
		"model": "main.director",
		"pk": "383",
		"fields": {
			"Director_name": "Pa. Ranjith"
		}
	},
	{
		"model": "main.director",
		"pk": "384",
		"fields": {
			"Director_name": "Marc Meyers"
		}
	},
	{
		"model": "main.director",
		"pk": "385",
		"fields": {
			"Director_name": "Kogonada"
		}
	},
	{
		"model": "main.director",
		"pk": "386",
		"fields": {
			"Director_name": "Paul Hoen"
		}
	},
	{
		"model": "main.director",
		"pk": "387",
		"fields": {
			"Director_name": "Rich Newey"
		}
	},
	{
		"model": "main.director",
		"pk": "388",
		"fields": {
			"Director_name": "Christine Luby"
		}
	},
	{
		"model": "main.director",
		"pk": "389",
		"fields": {
			"Director_name": "Andrew Erwin"
		}
	},
	{
		"model": "main.director",
		"pk": "390",
		"fields": {
			"Director_name": "Mitch Jenkins"
		}
	},
	{
		"model": "main.director",
		"pk": "391",
		"fields": {
			"Director_name": "Mathieu Turi"
		}
	},
	{
		"model": "main.director",
		"pk": "392",
		"fields": {
			"Director_name": "William Brent Bell"
		}
	},
	{
		"model": "main.director",
		"pk": "393",
		"fields": {
			"Director_name": "Dean Craig"
		}
	},
	{
		"model": "main.director",
		"pk": "394",
		"fields": {
			"Director_name": "Drew Fortier"
		}
	},
	{
		"model": "main.director",
		"pk": "395",
		"fields": {
			"Director_name": "George Nolfi"
		}
	},
	{
		"model": "main.director",
		"pk": "396",
		"fields": {
			"Director_name": "Fedor Bondarchuk"
		}
	},
	{
		"model": "main.director",
		"pk": "397",
		"fields": {
			"Director_name": "Adrian Langley"
		}
	},
	{
		"model": "main.director",
		"pk": "398",
		"fields": {
			"Director_name": "Scott Derrickson"
		}
	},
	{
		"model": "main.director",
		"pk": "399",
		"fields": {
			"Director_name": "Dave Needham"
		}
	},
	{
		"model": "main.director",
		"pk": "400",
		"fields": {
			"Director_name": "David Henrie"
		}
	},
	{
		"model": "main.director",
		"pk": "401",
		"fields": {
			"Director_name": "Luke Armstrong"
		}
	},
	{
		"model": "main.director",
		"pk": "402",
		"fields": {
			"Director_name": "James DeMonaco"
		}
	},
	{
		"model": "main.director",
		"pk": "403",
		"fields": {
			"Director_name": "Olivia Wilde"
		}
	},
	{
		"model": "main.director",
		"pk": "404",
		"fields": {
			"Director_name": "Peter Bebjak"
		}
	},
	{
		"model": "main.director",
		"pk": "405",
		"fields": {
			"Director_name": "Philipp Stölzl"
		}
	},
	{
		"model": "main.director",
		"pk": "406",
		"fields": {
			"Director_name": "Ben Sharrock"
		}
	},
	{
		"model": "main.director",
		"pk": "407",
		"fields": {
			"Director_name": "Douglas Attal"
		}
	},
	{
		"model": "main.director",
		"pk": "408",
		"fields": {
			"Director_name": "Hank Braxtan"
		}
	},
	{
		"model": "main.director",
		"pk": "409",
		"fields": {
			"Director_name": "Rachel Lee Goldenberg"
		}
	},
	{
		"model": "main.director",
		"pk": "410",
		"fields": {
			"Director_name": "Rob Jabbaz"
		}
	},
	{
		"model": "main.director",
		"pk": "411",
		"fields": {
			"Director_name": "Bartlett Sher"
		}
	},
	{
		"model": "main.director",
		"pk": "412",
		"fields": {
			"Director_name": "Peter Benson"
		}
	},
	{
		"model": "main.director",
		"pk": "413",
		"fields": {
			"Director_name": "Trish Sie"
		}
	},
	{
		"model": "main.director",
		"pk": "414",
		"fields": {
			"Director_name": "Dennis Dugan"
		}
	},
	{
		"model": "main.director",
		"pk": "415",
		"fields": {
			"Director_name": "Jack Clough"
		}
	},
	{
		"model": "main.director",
		"pk": "416",
		"fields": {
			"Director_name": "Roger Michell"
		}
	},
	{
		"model": "main.director",
		"pk": "417",
		"fields": {
			"Director_name": "Miguel Arteta"
		}
	},
	{
		"model": "main.director",
		"pk": "418",
		"fields": {
			"Director_name": "Mike Rohl"
		}
	},
	{
		"model": "main.director",
		"pk": "419",
		"fields": {
			"Director_name": "Takayuki Hamana"
		}
	},
	{
		"model": "main.director",
		"pk": "420",
		"fields": {
			"Director_name": "Sean King O'Grady"
		}
	},
	{
		"model": "main.director",
		"pk": "421",
		"fields": {
			"Director_name": "Eddie Arya"
		}
	},
	{
		"model": "main.director",
		"pk": "422",
		"fields": {
			"Director_name": "Ryuichi Hiroki"
		}
	},
	{
		"model": "main.director",
		"pk": "423",
		"fields": {
			"Director_name": "Kevin McManus"
		}
	},
	{
		"model": "main.director",
		"pk": "424",
		"fields": {
			"Director_name": "Bruce La Bruce"
		}
	},
	{
		"model": "main.director",
		"pk": "425",
		"fields": {
			"Director_name": "Jarand Herdal"
		}
	},
	{
		"model": "main.director",
		"pk": "426",
		"fields": {
			"Director_name": "Cooper Raiff"
		}
	},
	{
		"model": "main.director",
		"pk": "427",
		"fields": {
			"Director_name": "Richard Tanne"
		}
	},
	{
		"model": "main.director",
		"pk": "428",
		"fields": {
			"Director_name": "Natalie Krinsky"
		}
	},
	{
		"model": "main.director",
		"pk": "429",
		"fields": {
			"Director_name": "Lance Kawas"
		}
	},
	{
		"model": "main.director",
		"pk": "430",
		"fields": {
			"Director_name": "Sharif Razzaq"
		}
	},
	{
		"model": "main.director",
		"pk": "431",
		"fields": {
			"Director_name": "Chris Columbus"
		}
	},
	{
		"model": "main.director",
		"pk": "432",
		"fields": {
			"Director_name": "Kris Pearn"
		}
	},
	{
		"model": "main.director",
		"pk": "433",
		"fields": {
			"Director_name": "Fernando Trueba"
		}
	},
	{
		"model": "main.director",
		"pk": "434",
		"fields": {
			"Director_name": "Alejandro Lozano"
		}
	},
	{
		"model": "main.director",
		"pk": "435",
		"fields": {
			"Director_name": "Ricky Staub"
		}
	},
	{
		"model": "main.director",
		"pk": "436",
		"fields": {
			"Director_name": "Jimmy Dasaint"
		}
	},
	{
		"model": "main.director",
		"pk": "437",
		"fields": {
			"Director_name": "Nat Faxon"
		}
	},
	{
		"model": "main.director",
		"pk": "438",
		"fields": {
			"Director_name": "Thor Klein"
		}
	},
	{
		"model": "main.director",
		"pk": "439",
		"fields": {
			"Director_name": "Arnaud Desplechin"
		}
	},
	{
		"model": "main.director",
		"pk": "440",
		"fields": {
			"Director_name": "BenDavid Grabinski"
		}
	},
	{
		"model": "main.director",
		"pk": "441",
		"fields": {
			"Director_name": "Hasith Goli"
		}
	},
	{
		"model": "main.director",
		"pk": "442",
		"fields": {
			"Director_name": "Shane Dax Taylor"
		}
	},
	{
		"model": "main.director",
		"pk": "443",
		"fields": {
			"Director_name": "Lauren Fash"
		}
	},
	{
		"model": "main.director",
		"pk": "444",
		"fields": {
			"Director_name": "John Pogue"
		}
	},
	{
		"model": "main.director",
		"pk": "445",
		"fields": {
			"Director_name": "Alexis Almström"
		}
	},
	{
		"model": "main.director",
		"pk": "446",
		"fields": {
			"Director_name": "Daniel Benmayor"
		}
	},
	{
		"model": "main.director",
		"pk": "447",
		"fields": {
			"Director_name": "Peter Facinelli"
		}
	},
	{
		"model": "main.director",
		"pk": "448",
		"fields": {
			"Director_name": "Lluís Quílez"
		}
	},
	{
		"model": "main.director",
		"pk": "449",
		"fields": {
			"Director_name": "Michael Almereyda"
		}
	},
	{
		"model": "main.director",
		"pk": "450",
		"fields": {
			"Director_name": "Neil Marshall"
		}
	},
	{
		"model": "main.director",
		"pk": "451",
		"fields": {
			"Director_name": "Merlapaka Gandhi"
		}
	},
	{
		"model": "main.director",
		"pk": "452",
		"fields": {
			"Director_name": "Timothy Woodward Jr."
		}
	},
	{
		"model": "main.director",
		"pk": "453",
		"fields": {
			"Director_name": "Mauricio Eça"
		}
	},
	{
		"model": "main.director",
		"pk": "454",
		"fields": {
			"Director_name": "Terence Davies"
		}
	},
	{
		"model": "main.director",
		"pk": "455",
		"fields": {
			"Director_name": "Roman White"
		}
	},
	{
		"model": "main.director",
		"pk": "456",
		"fields": {
			"Director_name": "Jessica Swale"
		}
	},
	{
		"model": "main.director",
		"pk": "457",
		"fields": {
			"Director_name": "Troy Ruptash"
		}
	},
	{
		"model": "main.director",
		"pk": "458",
		"fields": {
			"Director_name": "Conor Allyn"
		}
	},
	{
		"model": "main.director",
		"pk": "459",
		"fields": {
			"Director_name": "Kiyoshi Kurosawa"
		}
	},
	{
		"model": "main.director",
		"pk": "460",
		"fields": {
			"Director_name": "Russ Parr"
		}
	},
	{
		"model": "main.director",
		"pk": "461",
		"fields": {
			"Director_name": "Elza Kephart"
		}
	},
	{
		"model": "main.director",
		"pk": "462",
		"fields": {
			"Director_name": "François Ozon"
		}
	},
	{
		"model": "main.director",
		"pk": "463",
		"fields": {
			"Director_name": "Brenda Chapman"
		}
	},
	{
		"model": "main.director",
		"pk": "464",
		"fields": {
			"Director_name": "Li Jun"
		}
	},
	{
		"model": "main.director",
		"pk": "465",
		"fields": {
			"Director_name": "Gorô Miyazaki"
		}
	},
	{
		"model": "main.director",
		"pk": "466",
		"fields": {
			"Director_name": "Radu Muntean"
		}
	},
	{
		"model": "main.director",
		"pk": "467",
		"fields": {
			"Director_name": "Paul Andrew Williams"
		}
	},
	{
		"model": "main.director",
		"pk": "468",
		"fields": {
			"Director_name": "Marc Price"
		}
	},
	{
		"model": "main.director",
		"pk": "469",
		"fields": {
			"Director_name": "Greig Cameron"
		}
	},
	{
		"model": "main.director",
		"pk": "470",
		"fields": {
			"Director_name": "Yuval Adler"
		}
	},
	{
		"model": "main.director",
		"pk": "471",
		"fields": {
			"Director_name": "Alain Darborg"
		}
	},
	{
		"model": "main.director",
		"pk": "472",
		"fields": {
			"Director_name": "Joe Mantello"
		}
	},
	{
		"model": "main.director",
		"pk": "473",
		"fields": {
			"Director_name": "David Weaver"
		}
	},
	{
		"model": "main.director",
		"pk": "474",
		"fields": {
			"Director_name": "Kike Maíllo"
		}
	},
	{
		"model": "main.director",
		"pk": "475",
		"fields": {
			"Director_name": "Trent O'Donnell"
		}
	},
	{
		"model": "main.director",
		"pk": "476",
		"fields": {
			"Director_name": "Teng Shen"
		}
	},
	{
		"model": "main.director",
		"pk": "477",
		"fields": {
			"Director_name": "J.P. Watts"
		}
	},
	{
		"model": "main.director",
		"pk": "478",
		"fields": {
			"Director_name": "Sydney Sibilia"
		}
	},
	{
		"model": "main.director",
		"pk": "479",
		"fields": {
			"Director_name": "Julia Hart"
		}
	},
	{
		"model": "main.director",
		"pk": "480",
		"fields": {
			"Director_name": "John C. Lyons"
		}
	},
	{
		"model": "main.director",
		"pk": "481",
		"fields": {
			"Director_name": "Cecilia Verheyden"
		}
	},
	{
		"model": "main.director",
		"pk": "482",
		"fields": {
			"Director_name": "Stelios Kammitsis"
		}
	},
	{
		"model": "main.director",
		"pk": "483",
		"fields": {
			"Director_name": "Princeton Holt"
		}
	},
	{
		"model": "main.director",
		"pk": "484",
		"fields": {
			"Director_name": "Antaine Furlong"
		}
	},
	{
		"model": "main.director",
		"pk": "485",
		"fields": {
			"Director_name": "Jeff Wamester"
		}
	},
	{
		"model": "main.director",
		"pk": "486",
		"fields": {
			"Director_name": "Ji-hoon Kim"
		}
	},
	{
		"model": "main.director",
		"pk": "487",
		"fields": {
			"Director_name": "Tim Sutton"
		}
	},
	{
		"model": "main.director",
		"pk": "488",
		"fields": {
			"Director_name": "M.J. Bassett"
		}
	},
	{
		"model": "main.director",
		"pk": "489",
		"fields": {
			"Director_name": "Thea Sharrock"
		}
	},
	{
		"model": "main.director",
		"pk": "490",
		"fields": {
			"Director_name": "Kôtarô Tamura"
		}
	},
	{
		"model": "main.director",
		"pk": "491",
		"fields": {
			"Director_name": "Michael Duggan"
		}
	},
	{
		"model": "main.director",
		"pk": "492",
		"fields": {
			"Director_name": "Ruth Platt"
		}
	},
	{
		"model": "main.director",
		"pk": "493",
		"fields": {
			"Director_name": "Thomas Daneskov"
		}
	},
	{
		"model": "main.director",
		"pk": "494",
		"fields": {
			"Director_name": "Janell Shirtcliff"
		}
	},
	{
		"model": "main.director",
		"pk": "495",
		"fields": {
			"Director_name": "Alan Ritchson"
		}
	},
	{
		"model": "main.director",
		"pk": "496",
		"fields": {
			"Director_name": "Christian Schwochow"
		}
	},
	{
		"model": "main.director",
		"pk": "497",
		"fields": {
			"Director_name": "Bennet De Brabandere"
		}
	},
	{
		"model": "main.director",
		"pk": "498",
		"fields": {
			"Director_name": "Dasha Nekrasova"
		}
	},
	{
		"model": "main.director",
		"pk": "499",
		"fields": {
			"Director_name": "Michael Robison"
		}
	},
	{
		"model": "main.director",
		"pk": "500",
		"fields": {
			"Director_name": "Louise Linton"
		}
	},
	{
		"model": "main.director",
		"pk": "501",
		"fields": {
			"Director_name": "Luke Greenfield"
		}
	},
	{
		"model": "main.director",
		"pk": "502",
		"fields": {
			"Director_name": "Stefan Ruzowitzky"
		}
	},
	{
		"model": "main.director",
		"pk": "503",
		"fields": {
			"Director_name": "Lyle Mitchell Corbine Jr."
		}
	},
	{
		"model": "main.director",
		"pk": "504",
		"fields": {
			"Director_name": "Michael M. Scott"
		}
	},
	{
		"model": "main.director",
		"pk": "505",
		"fields": {
			"Director_name": "Phyllida Lloyd"
		}
	},
	{
		"model": "main.director",
		"pk": "506",
		"fields": {
			"Director_name": "Sampath Nandi"
		}
	},
	{
		"model": "main.director",
		"pk": "507",
		"fields": {
			"Director_name": "Ameen Nayfeh"
		}
	},
	{
		"model": "main.director",
		"pk": "508",
		"fields": {
			"Director_name": "Cooper Karl"
		}
	},
	{
		"model": "main.director",
		"pk": "509",
		"fields": {
			"Director_name": "John Berardo"
		}
	},
	{
		"model": "main.director",
		"pk": "510",
		"fields": {
			"Director_name": "Andrey Konchalovskiy"
		}
	},
	{
		"model": "main.director",
		"pk": "511",
		"fields": {
			"Director_name": "Hu Guan"
		}
	},
	{
		"model": "main.director",
		"pk": "512",
		"fields": {
			"Director_name": "Nicol Paone"
		}
	},
	{
		"model": "main.director",
		"pk": "513",
		"fields": {
			"Director_name": "LP"
		}
	},
	{
		"model": "main.director",
		"pk": "514",
		"fields": {
			"Director_name": "Dean Murphy"
		}
	},
	{
		"model": "main.director",
		"pk": "515",
		"fields": {
			"Director_name": "Deviprasad Shetty"
		}
	},
	{
		"model": "main.director",
		"pk": "516",
		"fields": {
			"Director_name": "Vincent Paronnaud"
		}
	},
	{
		"model": "main.director",
		"pk": "517",
		"fields": {
			"Director_name": "Gabriel Range"
		}
	},
	{
		"model": "main.director",
		"pk": "518",
		"fields": {
			"Director_name": "Anna Mastro"
		}
	},
	{
		"model": "main.director",
		"pk": "519",
		"fields": {
			"Director_name": "Stephen Hopkins"
		}
	},
	{
		"model": "main.director",
		"pk": "520",
		"fields": {
			"Director_name": "Joe Yung Spike"
		}
	},
	{
		"model": "main.director",
		"pk": "521",
		"fields": {
			"Director_name": "Trey Haley"
		}
	},
	{
		"model": "main.director",
		"pk": "522",
		"fields": {
			"Director_name": "Icíar Bollaín"
		}
	},
	{
		"model": "main.director",
		"pk": "523",
		"fields": {
			"Director_name": "Alice Filippi"
		}
	},
	{
		"model": "main.director",
		"pk": "524",
		"fields": {
			"Director_name": "Donovan Marsh"
		}
	},
	{
		"model": "main.director",
		"pk": "525",
		"fields": {
			"Director_name": "Phil Sheerin"
		}
	},
	{
		"model": "main.director",
		"pk": "526",
		"fields": {
			"Director_name": "Charlotte Sieling"
		}
	},
	{
		"model": "main.director",
		"pk": "527",
		"fields": {
			"Director_name": "Daniel Prochaska"
		}
	},
	{
		"model": "main.director",
		"pk": "528",
		"fields": {
			"Director_name": "Jeff Beesley"
		}
	},
	{
		"model": "main.director",
		"pk": "529",
		"fields": {
			"Director_name": "Elissa Down"
		}
	},
	{
		"model": "main.director",
		"pk": "530",
		"fields": {
			"Director_name": "You-min Seo"
		}
	},
	{
		"model": "main.director",
		"pk": "531",
		"fields": {
			"Director_name": "Predrag Antonijevic"
		}
	},
	{
		"model": "main.director",
		"pk": "532",
		"fields": {
			"Director_name": "Chad Faust"
		}
	},
	{
		"model": "main.director",
		"pk": "533",
		"fields": {
			"Director_name": "Maya Forbes"
		}
	},
	{
		"model": "main.director",
		"pk": "534",
		"fields": {
			"Director_name": "Jose Mario Salas Boza"
		}
	},
	{
		"model": "main.director",
		"pk": "535",
		"fields": {
			"Director_name": "Chad Ferrin"
		}
	},
	{
		"model": "main.director",
		"pk": "536",
		"fields": {
			"Director_name": "Tyler Perry"
		}
	},
	{
		"model": "main.director",
		"pk": "537",
		"fields": {
			"Director_name": "Oz Rodriguez"
		}
	},
	{
		"model": "main.director",
		"pk": "538",
		"fields": {
			"Director_name": "Eddie Huang"
		}
	},
	{
		"model": "main.director",
		"pk": "539",
		"fields": {
			"Director_name": "Emma Catalfamo"
		}
	},
	{
		"model": "main.director",
		"pk": "540",
		"fields": {
			"Director_name": "Mariano Cohn"
		}
	},
	{
		"model": "main.director",
		"pk": "541",
		"fields": {
			"Director_name": "Matt Eskandari"
		}
	},
	{
		"model": "main.director",
		"pk": "542",
		"fields": {
			"Director_name": "Matt Eskandari"
		}
	},
	{
		"model": "main.director",
		"pk": "543",
		"fields": {
			"Director_name": "Gil Junger"
		}
	},
	{
		"model": "main.director",
		"pk": "544",
		"fields": {
			"Director_name": "Hwan Lee"
		}
	},
	{
		"model": "main.director",
		"pk": "545",
		"fields": {
			"Director_name": "Aleem Khan"
		}
	},
	{
		"model": "main.director",
		"pk": "546",
		"fields": {
			"Director_name": "Vicky Wight"
		}
	},
	{
		"model": "main.director",
		"pk": "547",
		"fields": {
			"Director_name": "Julien Leclercq"
		}
	},
	{
		"model": "main.director",
		"pk": "548",
		"fields": {
			"Director_name": "Duniya Vijay"
		}
	},
	{
		"model": "main.director",
		"pk": "549",
		"fields": {
			"Director_name": "Ryûhei Kitamura"
		}
	},
	{
		"model": "main.director",
		"pk": "550",
		"fields": {
			"Director_name": "Aaron Pagniano"
		}
	},
	{
		"model": "main.director",
		"pk": "551",
		"fields": {
			"Director_name": "Scott Wiper"
		}
	},
	{
		"model": "main.director",
		"pk": "552",
		"fields": {
			"Director_name": "Abhishek Chaubey"
		}
	},
	{
		"model": "main.director",
		"pk": "553",
		"fields": {
			"Director_name": "William Coakley"
		}
	},
	{
		"model": "main.director",
		"pk": "554",
		"fields": {
			"Director_name": "Lena Khan"
		}
	},
	{
		"model": "main.director",
		"pk": "555",
		"fields": {
			"Director_name": "Kourosh Ahari"
		}
	},
	{
		"model": "main.director",
		"pk": "556",
		"fields": {
			"Director_name": "Jacob Gentry"
		}
	},
	{
		"model": "main.director",
		"pk": "557",
		"fields": {
			"Director_name": "Eoin Macken"
		}
	},
	{
		"model": "main.director",
		"pk": "558",
		"fields": {
			"Director_name": "Ruchi Narain"
		}
	},
	{
		"model": "main.director",
		"pk": "559",
		"fields": {
			"Director_name": "Just Philippot"
		}
	},
	{
		"model": "main.director",
		"pk": "560",
		"fields": {
			"Director_name": "Sharon Maguire"
		}
	},
	{
		"model": "main.director",
		"pk": "561",
		"fields": {
			"Director_name": "Pedro Almodóvar"
		}
	},
	{
		"model": "main.director",
		"pk": "562",
		"fields": {
			"Director_name": "Margus Paju"
		}
	},
	{
		"model": "main.director",
		"pk": "563",
		"fields": {
			"Director_name": "Carles Torras"
		}
	},
	{
		"model": "main.director",
		"pk": "564",
		"fields": {
			"Director_name": "Brian Skiba"
		}
	},
	{
		"model": "main.director",
		"pk": "565",
		"fields": {
			"Director_name": "Adam Lipsius"
		}
	},
	{
		"model": "main.director",
		"pk": "566",
		"fields": {
			"Director_name": "Kevin Alejandro"
		}
	},
	{
		"model": "main.director",
		"pk": "567",
		"fields": {
			"Director_name": "Deepak Sundarrajan"
		}
	},
	{
		"model": "main.director",
		"pk": "568",
		"fields": {
			"Director_name": "Mark Steven Johnson"
		}
	},
	{
		"model": "main.director",
		"pk": "569",
		"fields": {
			"Director_name": "Adam Rehmeier"
		}
	},
	{
		"model": "main.director",
		"pk": "570",
		"fields": {
			"Director_name": "Argyris Papadimitropoulos"
		}
	},
	{
		"model": "main.director",
		"pk": "571",
		"fields": {
			"Director_name": "Jo Ba-Reun"
		}
	},
	{
		"model": "main.director",
		"pk": "572",
		"fields": {
			"Director_name": "Felix Binder"
		}
	},
	{
		"model": "main.director",
		"pk": "573",
		"fields": {
			"Director_name": "Daniel Nolasco"
		}
	},
	{
		"model": "main.director",
		"pk": "574",
		"fields": {
			"Director_name": "Stark Howell"
		}
	},
	{
		"model": "main.director",
		"pk": "575",
		"fields": {
			"Director_name": "Ariel Winograd"
		}
	},
	{
		"model": "main.director",
		"pk": "576",
		"fields": {
			"Director_name": "Clark Johnson"
		}
	},
	{
		"model": "main.director",
		"pk": "577",
		"fields": {
			"Director_name": "David Pastor"
		}
	},
	{
		"model": "main.director",
		"pk": "578",
		"fields": {
			"Director_name": "Travis Cluff"
		}
	},
	{
		"model": "main.director",
		"pk": "579",
		"fields": {
			"Director_name": "Angel Kristi Williams"
		}
	},
	{
		"model": "main.director",
		"pk": "580",
		"fields": {
			"Director_name": "Giles Alderson"
		}
	},
	{
		"model": "main.director",
		"pk": "581",
		"fields": {
			"Director_name": "Machine Gun Kelly"
		}
	},
	{
		"model": "main.director",
		"pk": "582",
		"fields": {
			"Director_name": "Yimou Zhang"
		}
	},
	{
		"model": "main.director",
		"pk": "583",
		"fields": {
			"Director_name": "Malgorzata Szumowska"
		}
	},
	{
		"model": "main.director",
		"pk": "584",
		"fields": {
			"Director_name": "Scott Dow"
		}
	},
	{
		"model": "main.director",
		"pk": "585",
		"fields": {
			"Director_name": "Natalie Morales"
		}
	},
	{
		"model": "main.director",
		"pk": "586",
		"fields": {
			"Director_name": "Camilla Belle"
		}
	},
	{
		"model": "main.director",
		"pk": "587",
		"fields": {
			"Director_name": "Prabhu Deva"
		}
	},
	{
		"model": "main.director",
		"pk": "588",
		"fields": {
			"Director_name": "Albert Dupontel"
		}
	},
	{
		"model": "main.director",
		"pk": "589",
		"fields": {
			"Director_name": "Michael Showalter"
		}
	},
	{
		"model": "main.director",
		"pk": "590",
		"fields": {
			"Director_name": "Christian Petzold"
		}
	},
	{
		"model": "main.director",
		"pk": "591",
		"fields": {
			"Director_name": "Karthik Yogi"
		}
	},
	{
		"model": "main.director",
		"pk": "592",
		"fields": {
			"Director_name": "Randy Carter"
		}
	},
	{
		"model": "main.director",
		"pk": "593",
		"fields": {
			"Director_name": "Clark Duke"
		}
	},
	{
		"model": "main.director",
		"pk": "594",
		"fields": {
			"Director_name": "Robin Christian"
		}
	},
	{
		"model": "main.director",
		"pk": "595",
		"fields": {
			"Director_name": "Natalie Morales"
		}
	},
	{
		"model": "main.director",
		"pk": "596",
		"fields": {
			"Director_name": "Matt Shapira"
		}
	},
	{
		"model": "main.director",
		"pk": "597",
		"fields": {
			"Director_name": "Mallory Everton"
		}
	},
	{
		"model": "main.director",
		"pk": "598",
		"fields": {
			"Director_name": "Bradley Walsh"
		}
	},
	{
		"model": "main.director",
		"pk": "599",
		"fields": {
			"Director_name": "Kevin Fair"
		}
	},
	{
		"model": "main.director",
		"pk": "600",
		"fields": {
			"Director_name": "Kurt Wimmer"
		}
	},
	{
		"model": "main.director",
		"pk": "601",
		"fields": {
			"Director_name": "Will Wernick"
		}
	},
	{
		"model": "main.director",
		"pk": "602",
		"fields": {
			"Director_name": "Péter Bergendy"
		}
	},
	{
		"model": "main.director",
		"pk": "603",
		"fields": {
			"Director_name": "Gloria Kim"
		}
	},
	{
		"model": "main.director",
		"pk": "604",
		"fields": {
			"Director_name": "Devanshu Singh"
		}
	},
	{
		"model": "main.director",
		"pk": "605",
		"fields": {
			"Director_name": "Larry Wade Carrell"
		}
	},
	{
		"model": "main.director",
		"pk": "606",
		"fields": {
			"Director_name": "Laura Terruso"
		}
	},
	{
		"model": "main.director",
		"pk": "607",
		"fields": {
			"Director_name": "Paul Leyden"
		}
	},
	{
		"model": "main.director",
		"pk": "608",
		"fields": {
			"Director_name": "Richard Bates Jr."
		}
	},
	{
		"model": "main.director",
		"pk": "609",
		"fields": {
			"Director_name": "Alex Ranarivelo"
		}
	},
	{
		"model": "main.director",
		"pk": "610",
		"fields": {
			"Director_name": "Olivier Megaton"
		}
	},
	{
		"model": "main.director",
		"pk": "611",
		"fields": {
			"Director_name": "Alex van Warmerdam"
		}
	},
	{
		"model": "main.director",
		"pk": "612",
		"fields": {
			"Director_name": "Amy Seimetz"
		}
	},
	{
		"model": "main.director",
		"pk": "613",
		"fields": {
			"Director_name": "Casey Tebo"
		}
	},
	{
		"model": "main.director",
		"pk": "614",
		"fields": {
			"Director_name": "Clio Barnard"
		}
	},
	{
		"model": "main.director",
		"pk": "615",
		"fields": {
			"Director_name": "Sung Jin Ahn"
		}
	},
	{
		"model": "main.director",
		"pk": "616",
		"fields": {
			"Director_name": "Takashi Shimizu"
		}
	},
	{
		"model": "main.director",
		"pk": "617",
		"fields": {
			"Director_name": "Dustin Rikert"
		}
	},
	{
		"model": "main.director",
		"pk": "618",
		"fields": {
			"Director_name": "Peter 'Drago' Tiemann"
		}
	},
	{
		"model": "main.director",
		"pk": "619",
		"fields": {
			"Director_name": "Bardia Zeinali"
		}
	},
	{
		"model": "main.director",
		"pk": "620",
		"fields": {
			"Director_name": "David Midell"
		}
	},
	{
		"model": "main.director",
		"pk": "621",
		"fields": {
			"Director_name": "Anurag Basu"
		}
	},
	{
		"model": "main.director",
		"pk": "622",
		"fields": {
			"Director_name": "Joshua Frizzell"
		}
	},
	{
		"model": "main.director",
		"pk": "623",
		"fields": {
			"Director_name": "David Charbonier"
		}
	},
	{
		"model": "main.director",
		"pk": "624",
		"fields": {
			"Director_name": "Christopher Smith"
		}
	},
	{
		"model": "main.director",
		"pk": "625",
		"fields": {
			"Director_name": "Gilles de Maistre"
		}
	},
	{
		"model": "main.director",
		"pk": "626",
		"fields": {
			"Director_name": "Kyohei Ishiguro"
		}
	},
	{
		"model": "main.director",
		"pk": "627",
		"fields": {
			"Director_name": "Harry Wootliff"
		}
	},
	{
		"model": "main.director",
		"pk": "628",
		"fields": {
			"Director_name": "Yimou Zhang"
		}
	},
	{
		"model": "main.director",
		"pk": "629",
		"fields": {
			"Director_name": "Panah Panahi"
		}
	},
	{
		"model": "main.director",
		"pk": "630",
		"fields": {
			"Director_name": "Marcel Dorian"
		}
	},
	{
		"model": "main.director",
		"pk": "631",
		"fields": {
			"Director_name": "Stephen Johnson"
		}
	},
	{
		"model": "main.director",
		"pk": "632",
		"fields": {
			"Director_name": "Julia Hart"
		}
	},
	{
		"model": "main.director",
		"pk": "633",
		"fields": {
			"Director_name": "Philippe Lupien"
		}
	},
	{
		"model": "main.director",
		"pk": "634",
		"fields": {
			"Director_name": "Jérémie Guez"
		}
	},
	{
		"model": "main.director",
		"pk": "635",
		"fields": {
			"Director_name": "Roy Hin Yeung Chow"
		}
	},
	{
		"model": "main.director",
		"pk": "636",
		"fields": {
			"Director_name": "Shawn Welling"
		}
	},
	{
		"model": "main.director",
		"pk": "637",
		"fields": {
			"Director_name": "Anthony Chen"
		}
	},
	{
		"model": "main.director",
		"pk": "638",
		"fields": {
			"Director_name": "Ashley Avis"
		}
	},
	{
		"model": "main.director",
		"pk": "639",
		"fields": {
			"Director_name": "Olivier Marchal"
		}
	},
	{
		"model": "main.director",
		"pk": "640",
		"fields": {
			"Director_name": "Vibeke Muasya"
		}
	},
	{
		"model": "main.director",
		"pk": "641",
		"fields": {
			"Director_name": "Galt Niederhoffer"
		}
	},
	{
		"model": "main.director",
		"pk": "642",
		"fields": {
			"Director_name": "Julien Knafo"
		}
	},
	{
		"model": "main.director",
		"pk": "643",
		"fields": {
			"Director_name": "Jeremy Degruson"
		}
	},
	{
		"model": "main.director",
		"pk": "644",
		"fields": {
			"Director_name": "Jeff Rosenberg"
		}
	},
	{
		"model": "main.director",
		"pk": "645",
		"fields": {
			"Director_name": "Michael Fimognari"
		}
	},
	{
		"model": "main.director",
		"pk": "646",
		"fields": {
			"Director_name": "Adam Egypt Mortimer"
		}
	},
	{
		"model": "main.director",
		"pk": "647",
		"fields": {
			"Director_name": "Magnus von Horn"
		}
	},
	{
		"model": "main.director",
		"pk": "648",
		"fields": {
			"Director_name": "Chen-Hao Yin"
		}
	},
	{
		"model": "main.director",
		"pk": "649",
		"fields": {
			"Director_name": "Eytan Fox"
		}
	},
	{
		"model": "main.director",
		"pk": "650",
		"fields": {
			"Director_name": "Philip Gelatt"
		}
	},
	{
		"model": "main.director",
		"pk": "651",
		"fields": {
			"Director_name": "Joey King"
		}
	},
	{
		"model": "main.director",
		"pk": "652",
		"fields": {
			"Director_name": "Amelia Moses"
		}
	},
	{
		"model": "main.director",
		"pk": "653",
		"fields": {
			"Director_name": "Carlos V. Gutierrez"
		}
	},
	{
		"model": "main.director",
		"pk": "654",
		"fields": {
			"Director_name": "Daniel Roby"
		}
	},
	{
		"model": "main.director",
		"pk": "655",
		"fields": {
			"Director_name": "Angus Benfield"
		}
	},
	{
		"model": "main.director",
		"pk": "656",
		"fields": {
			"Director_name": "Dominik Graf"
		}
	},
	{
		"model": "main.director",
		"pk": "657",
		"fields": {
			"Director_name": "Rojin Thomas"
		}
	},
	{
		"model": "main.director",
		"pk": "658",
		"fields": {
			"Director_name": "Andrew Lawrence"
		}
	},
	{
		"model": "main.director",
		"pk": "659",
		"fields": {
			"Director_name": "James Gray"
		}
	},
	{
		"model": "main.director",
		"pk": "660",
		"fields": {
			"Director_name": "Nick Sarkisov"
		}
	},
	{
		"model": "main.director",
		"pk": "661",
		"fields": {
			"Director_name": "Dmitriy Dyachenko"
		}
	},
	{
		"model": "main.director",
		"pk": "662",
		"fields": {
			"Director_name": "Michelle Johnston"
		}
	},
	{
		"model": "main.director",
		"pk": "663",
		"fields": {
			"Director_name": "Juan Mas"
		}
	},
	{
		"model": "main.director",
		"pk": "664",
		"fields": {
			"Director_name": "Leste Chen"
		}
	},
	{
		"model": "main.director",
		"pk": "665",
		"fields": {
			"Director_name": "Lluís Ortega"
		}
	},
	{
		"model": "main.director",
		"pk": "666",
		"fields": {
			"Director_name": "Samuel Tourneux"
		}
	},
	{
		"model": "main.director",
		"pk": "667",
		"fields": {
			"Director_name": "Anvita Dutt"
		}
	},
	{
		"model": "main.director",
		"pk": "668",
		"fields": {
			"Director_name": "Lokesh Kanagaraj"
		}
	},
	{
		"model": "main.director",
		"pk": "669",
		"fields": {
			"Director_name": "Sean Ellis"
		}
	},
	{
		"model": "main.director",
		"pk": "670",
		"fields": {
			"Director_name": "Stéphanie Chuat"
		}
	},
	{
		"model": "main.director",
		"pk": "671",
		"fields": {
			"Director_name": "Bertrand Mandico"
		}
	},
	{
		"model": "main.director",
		"pk": "672",
		"fields": {
			"Director_name": "Sam Macaroni"
		}
	},
	{
		"model": "main.director",
		"pk": "673",
		"fields": {
			"Director_name": "Emmanuel Mouret"
		}
	},
	{
		"model": "main.director",
		"pk": "674",
		"fields": {
			"Director_name": "Roxy Shih"
		}
	},
	{
		"model": "main.director",
		"pk": "675",
		"fields": {
			"Director_name": "Jun'ichi Satô"
		}
	},
	{
		"model": "main.director",
		"pk": "676",
		"fields": {
			"Director_name": "Alex Camilleri"
		}
	},
	{
		"model": "main.director",
		"pk": "677",
		"fields": {
			"Director_name": "Ken Ghosh"
		}
	},
	{
		"model": "main.director",
		"pk": "678",
		"fields": {
			"Director_name": "Mukesh Chhabra"
		}
	},
	{
		"model": "main.director",
		"pk": "679",
		"fields": {
			"Director_name": "Sudha Kongara"
		}
	},
	{
		"model": "main.director",
		"pk": "680",
		"fields": {
			"Director_name": "Lauren Hadaway"
		}
	},
	{
		"model": "main.director",
		"pk": "681",
		"fields": {
			"Director_name": "Sam Liu"
		}
	},
	{
		"model": "main.director",
		"pk": "682",
		"fields": {
			"Director_name": "Mickey Reece"
		}
	},
	{
		"model": "main.director",
		"pk": "683",
		"fields": {
			"Director_name": "Alex McAulay"
		}
	},
	{
		"model": "main.director",
		"pk": "684",
		"fields": {
			"Director_name": "Michael Nader"
		}
	},
	{
		"model": "main.director",
		"pk": "685",
		"fields": {
			"Director_name": "Jan Komasa"
		}
	},
	{
		"model": "main.director",
		"pk": "686",
		"fields": {
			"Director_name": "Stefan C. Schaefer"
		}
	},
	{
		"model": "main.director",
		"pk": "687",
		"fields": {
			"Director_name": "Maria Gabriela Cardenas"
		}
	},
	{
		"model": "main.director",
		"pk": "688",
		"fields": {
			"Director_name": "Heidi Ewing"
		}
	},
	{
		"model": "main.director",
		"pk": "689",
		"fields": {
			"Director_name": "Christopher Ray"
		}
	},
	{
		"model": "main.director",
		"pk": "690",
		"fields": {
			"Director_name": "Rod Roberts"
		}
	},
	{
		"model": "main.director",
		"pk": "691",
		"fields": {
			"Director_name": "Chris Beyrooty"
		}
	},
	{
		"model": "main.director",
		"pk": "692",
		"fields": {
			"Director_name": "François Ozon"
		}
	},
	{
		"model": "main.director",
		"pk": "693",
		"fields": {
			"Director_name": "Aidan Tanner"
		}
	},
	{
		"model": "main.director",
		"pk": "694",
		"fields": {
			"Director_name": "Benh Zeitlin"
		}
	},
	{
		"model": "main.director",
		"pk": "695",
		"fields": {
			"Director_name": "Chad Barager"
		}
	},
	{
		"model": "main.director",
		"pk": "696",
		"fields": {
			"Director_name": "Mahesh Narayanan"
		}
	},
	{
		"model": "main.director",
		"pk": "697",
		"fields": {
			"Director_name": "B.J. Rayniak"
		}
	},
	{
		"model": "main.director",
		"pk": "698",
		"fields": {
			"Director_name": "Mohammad Rasoulof"
		}
	},
	{
		"model": "main.director",
		"pk": "699",
		"fields": {
			"Director_name": "Marc Fehse"
		}
	},
	{
		"model": "main.director",
		"pk": "700",
		"fields": {
			"Director_name": "Scott Pleydell-Pearce"
		}
	},
	{
		"model": "main.director",
		"pk": "701",
		"fields": {
			"Director_name": "Jingming Guo"
		}
	},
	{
		"model": "main.director",
		"pk": "702",
		"fields": {
			"Director_name": "Linda-Lisa Hayter"
		}
	},
	{
		"model": "main.director",
		"pk": "703",
		"fields": {
			"Director_name": "Steve Basilone"
		}
	},
	{
		"model": "main.director",
		"pk": "704",
		"fields": {
			"Director_name": "Fanny Liatard"
		}
	},
	{
		"model": "main.director",
		"pk": "705",
		"fields": {
			"Director_name": "Matthew B.C."
		}
	},
	{
		"model": "main.director",
		"pk": "706",
		"fields": {
			"Director_name": "Daniel Brühl"
		}
	},
	{
		"model": "main.director",
		"pk": "707",
		"fields": {
			"Director_name": "Taryn O'Neill"
		}
	},
	{
		"model": "main.director",
		"pk": "708",
		"fields": {
			"Director_name": "Eric Mittleman"
		}
	},
	{
		"model": "main.director",
		"pk": "709",
		"fields": {
			"Director_name": "Michelle Ouellet"
		}
	},
	{
		"model": "main.director",
		"pk": "710",
		"fields": {
			"Director_name": "Sandra L. Martin"
		}
	},
	{
		"model": "main.director",
		"pk": "711",
		"fields": {
			"Director_name": "Josh Tessier"
		}
	},
	{
		"model": "main.director",
		"pk": "712",
		"fields": {
			"Director_name": "Matt Handy"
		}
	},
	{
		"model": "main.director",
		"pk": "713",
		"fields": {
			"Director_name": "James L. Edwards"
		}
	},
	{
		"model": "main.director",
		"pk": "714",
		"fields": {
			"Director_name": "Joshua Caldwell"
		}
	},
	{
		"model": "main.director",
		"pk": "715",
		"fields": {
			"Director_name": "David Pablos"
		}
	},
	{
		"model": "main.director",
		"pk": "716",
		"fields": {
			"Director_name": "Shaun Paul Piccinino"
		}
	},
	{
		"model": "main.director",
		"pk": "717",
		"fields": {
			"Director_name": "Taylor King"
		}
	},
	{
		"model": "main.director",
		"pk": "718",
		"fields": {
			"Director_name": "Bill Corcoran"
		}
	},
	{
		"model": "main.director",
		"pk": "719",
		"fields": {
			"Director_name": "Ethan Spaulding"
		}
	},
	{
		"model": "main.director",
		"pk": "720",
		"fields": {
			"Director_name": "Brian Nowak"
		}
	},
	{
		"model": "main.director",
		"pk": "721",
		"fields": {
			"Director_name": "Jeremy Sims"
		}
	},
	{
		"model": "main.director",
		"pk": "722",
		"fields": {
			"Director_name": "Laura Wandel"
		}
	},
	{
		"model": "main.director",
		"pk": "723",
		"fields": {
			"Director_name": "Abhishek Dudhaiya"
		}
	},
	{
		"model": "main.director",
		"pk": "724",
		"fields": {
			"Director_name": "Eleanor Coppola"
		}
	},
	{
		"model": "main.director",
		"pk": "725",
		"fields": {
			"Director_name": "Alexs Stadermann"
		}
	},
	{
		"model": "main.director",
		"pk": "726",
		"fields": {
			"Director_name": "David Winning"
		}
	},
	{
		"model": "main.director",
		"pk": "727",
		"fields": {
			"Director_name": "Jonas Carpignano"
		}
	},
	{
		"model": "main.director",
		"pk": "728",
		"fields": {
			"Director_name": "Daniel Calparsoro"
		}
	},
	{
		"model": "main.director",
		"pk": "729",
		"fields": {
			"Director_name": "Seth Savoy"
		}
	},
	{
		"model": "main.director",
		"pk": "730",
		"fields": {
			"Director_name": "Dash Shaw"
		}
	},
	{
		"model": "main.director",
		"pk": "731",
		"fields": {
			"Director_name": "Hannes Þór Halldórsson"
		}
	},
	{
		"model": "main.director",
		"pk": "732",
		"fields": {
			"Director_name": "Aleksey Tsitsilin"
		}
	},
	{
		"model": "main.director",
		"pk": "733",
		"fields": {
			"Director_name": "Noppharnach Chaiwimol"
		}
	},
	{
		"model": "main.director",
		"pk": "734",
		"fields": {
			"Director_name": "Joseph Mensch"
		}
	},
	{
		"model": "main.director",
		"pk": "735",
		"fields": {
			"Director_name": "Tyson Wade Johnston"
		}
	},
	{
		"model": "main.director",
		"pk": "736",
		"fields": {
			"Director_name": "Jan Belcl"
		}
	},
	{
		"model": "main.director",
		"pk": "737",
		"fields": {
			"Director_name": "Julie Taymor"
		}
	},
	{
		"model": "main.director",
		"pk": "738",
		"fields": {
			"Director_name": "Dzhanik Fayziev"
		}
	},
	{
		"model": "main.director",
		"pk": "739",
		"fields": {
			"Director_name": "Charlène Favier"
		}
	},
	{
		"model": "main.director",
		"pk": "740",
		"fields": {
			"Director_name": "Natalia Meta"
		}
	},
	{
		"model": "main.director",
		"pk": "741",
		"fields": {
			"Director_name": "Jace Elton"
		}
	},
	{
		"model": "main.director",
		"pk": "742",
		"fields": {
			"Director_name": "Anna Kerrigan"
		}
	},
	{
		"model": "main.director",
		"pk": "743",
		"fields": {
			"Director_name": "Jae-rim Han"
		}
	},
	{
		"model": "main.director",
		"pk": "744",
		"fields": {
			"Director_name": "Sophie Dupuis"
		}
	},
	{
		"model": "main.director",
		"pk": "745",
		"fields": {
			"Director_name": "Alec Gillis"
		}
	},
	{
		"model": "main.director",
		"pk": "746",
		"fields": {
			"Director_name": "Pil Gam-Sung"
		}
	},
	{
		"model": "main.director",
		"pk": "747",
		"fields": {
			"Director_name": "Marianna Palka"
		}
	},
	{
		"model": "main.director",
		"pk": "748",
		"fields": {
			"Director_name": "Xavier Giannoli"
		}
	},
	{
		"model": "main.director",
		"pk": "749",
		"fields": {
			"Director_name": "Joe Nussbaum"
		}
	},
	{
		"model": "main.director",
		"pk": "750",
		"fields": {
			"Director_name": "Nicolas Bedos"
		}
	},
	{
		"model": "main.director",
		"pk": "751",
		"fields": {
			"Director_name": "Chloé Zhao"
		}
	},
	{
		"model": "main.director",
		"pk": "752",
		"fields": {
			"Director_name": "Jim Cummings"
		}
	},
	{
		"model": "main.director",
		"pk": "753",
		"fields": {
			"Director_name": "Justine Bateman"
		}
	},
	{
		"model": "main.director",
		"pk": "754",
		"fields": {
			"Director_name": "David Hackl"
		}
	},
	{
		"model": "main.director",
		"pk": "755",
		"fields": {
			"Director_name": "Kenneth Branagh"
		}
	},
	{
		"model": "main.director",
		"pk": "756",
		"fields": {
			"Director_name": "Edward Drake"
		}
	},
	{
		"model": "main.director",
		"pk": "757",
		"fields": {
			"Director_name": "Jason Reitman"
		}
	},
	{
		"model": "main.director",
		"pk": "758",
		"fields": {
			"Director_name": "Mike Mills"
		}
	},
	{
		"model": "main.director",
		"pk": "759",
		"fields": {
			"Director_name": "Abel Ferrara"
		}
	},
	{
		"model": "main.director",
		"pk": "760",
		"fields": {
			"Director_name": "Alex McAulay"
		}
	},
	{
		"model": "main.director",
		"pk": "761",
		"fields": {
			"Director_name": "Ridley Scott"
		}
	},
	{
		"model": "main.director",
		"pk": "762",
		"fields": {
			"Director_name": "Jared Bush"
		}
	},
	{
		"model": "main.director",
		"pk": "763",
		"fields": {
			"Director_name": "Stephen Karam"
		}
	},
	{
		"model": "main.director",
		"pk": "764",
		"fields": {
			"Director_name": "Ryûsuke Hamaguchi"
		}
	},
	{
		"model": "main.director",
		"pk": "765",
		"fields": {
			"Director_name": "Pablo Larraín"
		}
	},
	{
		"model": "main.director",
		"pk": "766",
		"fields": {
			"Director_name": "John Swab"
		}
	},
	{
		"model": "main.director",
		"pk": "767",
		"fields": {
			"Director_name": "Daniel Graham"
		}
	},
	{
		"model": "main.director",
		"pk": "768",
		"fields": {
			"Director_name": "Eamonn Butler"
		}
	},
	{
		"model": "main.director",
		"pk": "769",
		"fields": {
			"Director_name": "Walt Becker"
		}
	},
	{
		"model": "main.director",
		"pk": "770",
		"fields": {
			"Director_name": "Danis Goulet"
		}
	},
	{
		"model": "main.director",
		"pk": "771",
		"fields": {
			"Director_name": "Reinaldo Marcus Green"
		}
	},
	{
		"model": "main.director",
		"pk": "772",
		"fields": {
			"Director_name": "Alison Klayman"
		}
	},
	{
		"model": "main.director",
		"pk": "773",
		"fields": {
			"Director_name": "Radu Jude"
		}
	},
	{
		"model": "main.director",
		"pk": "774",
		"fields": {
			"Director_name": "Paul Thomas Anderson"
		}
	},
	{
		"model": "main.director",
		"pk": "775",
		"fields": {
			"Director_name": "Johannes Roberts"
		}
	},
	{
		"model": "main.director",
		"pk": "776",
		"fields": {
			"Director_name": "Ric Roman Waugh"
		}
	}
]